{
  "structure-titan": {
    "config_label": "structure-titan",
    "n_queries": 2,
    "retrieval_precision_mean": 0.45,
    "retrieval_recall_mean": 1.0,
    "grounded_pct_mean": 1.0,
    "ungrounded_pct_mean": 0.0,
    "citation_precision_mean": 1.0,
    "latency": {
      "mean_ms": 7106.326583000055,
      "median_ms": 7106.326583000055,
      "p95_ms": 10630.515040999853,
      "min_ms": 3582.138125000256,
      "max_ms": 10630.515040999853
    },
    "cost_per_query_mean": 0.2105385,
    "inter_judge_agreement": 1.0
  }
}
