{
  "structure-titan": {
    "config_label": "structure-titan",
    "n_queries": 2,
    "retrieval_precision_mean": 0.45,
    "retrieval_recall_mean": 1.0,
    "grounded_pct_mean": 0.0,
    "ungrounded_pct_mean": 0.0,
    "citation_precision_mean": 1.0,
    "latency": {
      "mean_ms": 8004.920124999899,
      "median_ms": 8004.920124999899,
      "p95_ms": 10950.382125000033,
      "min_ms": 5059.458124999765,
      "max_ms": 10950.382125000033
    },
    "cost_per_query_mean": 0.020628,
    "inter_judge_agreement": 0.0
  }
}
